Latitude,Longitude,Street,City,Surface,Tracktype,Highway,Smoothness,OSM_Way_ID
43.029945,10.604386,Viale della Fiera,Campiglia Marittima,unknown,,,,
43.031100,10.602850,Viale della Fiera,Campiglia Marittima,unknown,,,,
43.033140,10.604630,Viale della Fiera,Campiglia Marittima,unknown,,,,
43.034070,10.604660,Viale della Fiera,Campiglia Marittima,unknown,,,,
43.034570,10.605110,Via Suveretana,Campiglia Marittima,unknown,,,,
43.034630,10.604640,Via Suveretana,Campiglia Marittima,unknown,,,,
43.035370,10.604010,Via Suveretana,Campiglia Marittima,unknown,,,,
43.035690,10.603990,Via Suveretana,Campiglia Marittima,unknown,,,,
43.036560,10.604800,Via Suveretana,Campiglia Marittima,unknown,,,,
43.037230,10.604030,Via Suveretana,Campiglia Marittima,unknown,,,,
43.037420,10.601860,Via Suveretana,Campiglia Marittima,unknown,,,,
43.038030,10.602560,Via Suveretana,Campiglia Marittima,unknown,,,,
43.038670,10.604960,Via Suveretana,Campiglia Marittima,unknown,,,,
43.038750,10.606230,Via Suveretana,Campiglia Marittima,unknown,,,,
43.039060,10.607060,Via di Venturina,Campiglia Marittima,unknown,,,,
43.039260,10.609400,Via di Venturina,Campiglia Marittima,unknown,,,,
43.039820,10.610350,Via di Venturina,Campiglia Marittima,unknown,,,,
43.040390,10.610300,Via di Venturina,Campiglia Marittima,unknown,,,,
43.040600,10.611630,Via di Venturina,Campiglia Marittima,unknown,,,,
43.043620,10.612590,Via del Mercurio,Campiglia Marittima,unknown,,,,
43.045220,10.612380,Via del Mercurio,Campiglia Marittima,unknown,,,,
43.045910,10.613240,Via del Mercurio,Campiglia Marittima,unknown,,,,
43.048400,10.613470,Via del Mercurio,Campiglia Marittima,unknown,,,,
43.049260,10.614210,Via del Mercurio,Campiglia Marittima,unknown,,,,
43.050150,10.614070,Via del Mercurio,Campiglia Marittima,unknown,,,,
43.050490,10.613490,Via del Mercurio,Campiglia Marittima,unknown,,,,
43.051530,10.613730,Via del Mercurio,Campiglia Marittima,unknown,,,,
43.052320,10.613420,Via del Mercurio,Campiglia Marittima,unknown,,,,
43.053590,10.613890,Via di Cafaggio,Campiglia Marittima,unknown,,,,
43.053300,10.613170,Via di Cafaggio,Campiglia Marittima,unknown,,,,
43.053340,10.612980,Via di Cafaggio,Campiglia Marittima,unknown,,,,
43.053610,10.612850,Via di Cafaggio,Campiglia Marittima,unknown,,,,
43.053850,10.613980,Via di Cafaggio,Campiglia Marittima,unknown,,,,
43.054340,10.614820,Via di Cafaggio,Campiglia Marittima,unknown,,,,
43.054500,10.615620,Via di Cafaggio,Campiglia Marittima,unknown,,,,
43.054700,10.615700,Via di Cafaggio,Campiglia Marittima,unknown,,,,
43.056840,10.614870,Via di Cafaggio,Campiglia Marittima,unknown,,,,
43.057720,10.615040,Via di Cafaggio,Campiglia Marittima,unknown,,,,
43.058980,10.614320,Via di Venturina,Campiglia Marittima,unknown,,,,
43.060810,10.614530,Via di Venturina,Campiglia Marittima,unknown,,,,
43.060620,10.615000,Via di Venturina,Campiglia Marittima,unknown,,,,
43.060810,10.615910,Via di Venturina,Campiglia Marittima,unknown,,,,
43.059810,10.616830,Via di Venturina,Campiglia Marittima,unknown,,,,
43.059240,10.616890,Via di Venturina,Campiglia Marittima,unknown,,,,
43.058800,10.617300,Via di Venturina,Campiglia Marittima,unknown,,,,
43.059340,10.617400,Via di Venturina,Campiglia Marittima,unknown,,,,
43.059460,10.617570,Via di Venturina,Campiglia Marittima,unknown,,,,
43.059640,10.619240,Via di Venturina,Campiglia Marittima,unknown,,,,
43.059890,10.619970,Via di Venturina,Campiglia Marittima,unknown,,,,
43.059450,10.621560,Via della Libertà,Campiglia Marittima,unknown,,,,
43.059849,10.622990,Via della Libertà,Campiglia Marittima,unknown,,,,
43.059656,10.624361,Via della Libertà,Campiglia Marittima,unknown,,,,
43.060307,10.624997,Via della Libertà,Campiglia Marittima,unknown,,,,
43.060571,10.625818,Via della Libertà,Campiglia Marittima,unknown,,,,
43.061474,10.625903,Via della Libertà,Campiglia Marittima,unknown,,,,
43.061335,10.627439,Unbekannte Straße,Campiglia Marittima,unknown,,,,
43.061725,10.627876,Unbekannte Straße,Campiglia Marittima,unknown,,,,
43.062101,10.628673,Unbekannte Straße,Campiglia Marittima,unknown,,,,
43.062360,10.628838,Unbekannte Straße,Campiglia Marittima,unknown,,,,
43.062582,10.628784,Unbekannte Straße,Campiglia Marittima,unknown,,,,
43.063117,10.628280,Unbekannte Straße,Campiglia Marittima,unknown,,,,
43.063393,10.628295,Unbekannte Straße,Campiglia Marittima,unknown,,,,
43.064212,10.630192,Unbekannte Straße,Campiglia Marittima,unknown,,,,
43.064982,10.630694,Unbekannte Straße,Campiglia Marittima,unknown,,,,
43.065496,10.631791,Unbekannte Straße,Campiglia Marittima,unknown,,,,
43.065880,10.631721,Unbekannte Straße,Campiglia Marittima,unknown,,,,
43.066595,10.630842,Unbekannte Straße,Campiglia Marittima,unknown,,,,
43.067495,10.631314,Unbekannte Straße,Campiglia Marittima,unknown,,,,
43.068700,10.631123,Unbekannte Straße,Campiglia Marittima,unknown,,,,
43.069988,10.631659,Unbekannte Straße,Campiglia Marittima,unknown,,,,
43.070883,10.631400,Unbekannte Straße,Campiglia Marittima,unknown,,,,
43.071080,10.631599,Unbekannte Straße,Campiglia Marittima,unknown,,,,
43.071271,10.632549,Unbekannte Straße,Campiglia Marittima,unknown,,,,
43.071888,10.633299,Unbekannte Straße,Campiglia Marittima,unknown,,,,
43.072278,10.633298,Unbekannte Straße,Campiglia Marittima,unknown,,,,
43.072784,10.632980,Unbekannte Straße,Campiglia Marittima,unknown,,,,
43.073026,10.633057,Unbekannte Straße,Campiglia Marittima,unknown,,,,
43.072946,10.634070,Unbekannte Straße,Campiglia Marittima,unknown,,,,
43.072308,10.635884,Unbekannte Straße,Campiglia Marittima,unknown,,,,
43.072393,10.636340,Unbekannte Straße,Campiglia Marittima,unknown,,,,
43.073808,10.639315,Unbekannte Straße,Suvereto,unknown,,,,
43.074415,10.638877,Unbekannte Straße,Suvereto,unknown,,,,
43.074897,10.639057,Unbekannte Straße,Suvereto,unknown,,,,
43.075190,10.638951,Unbekannte Straße,Suvereto,unknown,,,,
43.075643,10.638271,Unbekannte Straße,Suvereto,unknown,,,,
43.075804,10.637357,Unbekannte Straße,Suvereto,unknown,,,,
43.076784,10.636425,Unbekannte Straße,Suvereto,unknown,,,,
43.077029,10.636557,Unbekannte Straße,Suvereto,unknown,,,,
43.077428,10.638832,Unbekannte Straße,Suvereto,unknown,,,,
43.078198,10.640259,Unbekannte Straße,Suvereto,unknown,,,,
43.078468,10.640260,Sentiero 3,Suvereto,unknown,,,,
43.078638,10.640004,Sentiero 3,Suvereto,unknown,,,,
43.079562,10.637637,Sentiero 3,Suvereto,unknown,,,,
43.079844,10.637744,Sentiero 3,Suvereto,unknown,,,,
43.080831,10.640031,Sentiero 3,Suvereto,unknown,,,,
43.081406,10.640428,Sentiero 3,Suvereto,unknown,,,,
43.081846,10.640477,Sentiero 3,Suvereto,unknown,,,,
43.082403,10.640303,Sentiero 3,Suvereto,unknown,,,,
43.083189,10.639359,(sentiero 3) trekking,Suvereto,unknown,,,,
43.083318,10.639001,(sentiero 3) trekking,Suvereto,unknown,,,,
43.084029,10.639596,(sentiero 3) trekking,Suvereto,unknown,,,,
43.085391,10.639860,(sentiero 3) trekking,Suvereto,unknown,,,,
43.086125,10.639350,(sentiero 3) trekking,Suvereto,unknown,,,,
43.085654,10.640283,(sentiero 3) trekking,Suvereto,unknown,,,,
43.085592,10.641755,(sentiero 3) trekking,Suvereto,unknown,,,,
43.085118,10.643877,(sentiero 3) trekking,Suvereto,unknown,,,,
43.085388,10.643858,(sentiero 3) trekking,Suvereto,unknown,,,,
43.085786,10.643410,(sentiero 3) trekking,Suvereto,unknown,,,,
43.086211,10.643350,(sentiero 3) trekking,Suvereto,unknown,,,,
43.085632,10.644937,Località Le Foreste,Suvereto,unknown,,,,
43.084934,10.646066,Località Le Foreste,Suvereto,unknown,,,,
43.084245,10.646841,Località Le Foreste,Suvereto,unknown,,,,
43.083787,10.648458,Località Le Foreste,Suvereto,unknown,,,,
43.082665,10.650359,Località Il Fiaccone,Suvereto,unknown,,,,
43.082585,10.651485,Località Il Fiaccone,Suvereto,unknown,,,,
43.083436,10.652789,Località Il Fiaccone,Suvereto,unknown,,,,
43.083437,10.653699,Località Il Fiaccone,Suvereto,unknown,,,,
43.083145,10.655393,Località Il Fiaccone,Suvereto,unknown,,,,
43.082498,10.656146,Località Il Fiaccone,Suvereto,unknown,,,,
43.081893,10.656435,Località Il Fiaccone,Suvereto,unknown,,,,
43.081661,10.657399,Località Il Fiaccone,Suvereto,unknown,,,,
43.078390,10.658581,Località Il Fiaccone,Suvereto,unknown,,,,
43.074969,10.659374,Località Il Fiaccone,Suvereto,unknown,,,,
43.074932,10.664271,Località Il Fiaccone,Suvereto,unknown,,,,
43.074431,10.665123,Località Il Fiaccone,Suvereto,unknown,,,,
43.074419,10.666354,Località Quattrino,Suvereto,unknown,,,,
43.074556,10.666955,Località Quattrino,Suvereto,unknown,,,,
43.075238,10.667923,Località Quattrino,Suvereto,unknown,,,,
43.075349,10.668881,Località Quattrino,Suvereto,unknown,,,,
43.075793,10.669486,Località Quattrino,Suvereto,unknown,,,,
43.076040,10.670235,Località Quattrino,Suvereto,unknown,,,,
43.075788,10.674500,Località Quattrino,Suvereto,unknown,,,,
43.075682,10.674738,Località Quattrino,Suvereto,unknown,,,,
43.075065,10.674799,Località Quattrino,Suvereto,unknown,,,,
43.074949,10.675057,Località Quattrino,Suvereto,unknown,,,,
43.075943,10.677421,Località Quattrino,Suvereto,unknown,,,,
43.076648,10.678324,Località Quattrino,Suvereto,unknown,,,,
43.077040,10.680449,Via Val di Cornia,Suvereto,unknown,,,,
43.076569,10.681103,Via Val di Cornia,Suvereto,unknown,,,,
43.075955,10.681255,Via Val di Cornia,Suvereto,unknown,,,,
43.075321,10.682161,Via Val di Cornia,Suvereto,unknown,,,,
43.075553,10.684672,Via Val di Cornia,Suvereto,unknown,,,,
43.075295,10.685255,Via Val di Cornia,Suvereto,unknown,,,,
43.075451,10.685973,Via Val di Cornia,Suvereto,unknown,,,,
43.075428,10.689387,Via Val di Cornia,Suvereto,unknown,,,,
43.074617,10.689932,Via Val di Cornia,Suvereto,unknown,,,,
43.073756,10.690969,Via Val di Cornia,Suvereto,unknown,,,,
43.073667,10.691888,Via Val di Cornia,Suvereto,unknown,,,,
43.073142,10.693430,Via Val di Cornia,Suvereto,unknown,,,,
43.072211,10.695695,Unbekannte Straße,Suvereto,unknown,,,,
43.071369,10.696885,Unbekannte Straße,Suvereto,unknown,,,,
43.070742,10.696917,Unbekannte Straße,Suvereto,unknown,,,,
43.070142,10.697191,Unbekannte Straße,Suvereto,unknown,,,,
43.070065,10.697090,Unbekannte Straße,Suvereto,unknown,,,,
43.068862,10.692571,Unbekannte Straße,Suvereto,unknown,,,,
43.068563,10.692029,Unbekannte Straße,Suvereto,unknown,,,,
43.068085,10.691800,Unbekannte Straße,Suvereto,unknown,,,,
43.067629,10.691952,Unbekannte Straße,Suvereto,unknown,,,,
43.067264,10.691557,Unbekannte Straße,Suvereto,unknown,,,,
43.067000,10.691541,Unbekannte Straße,Suvereto,unknown,,,,
43.065991,10.692131,Unbekannte Straße,Suvereto,unknown,,,,
43.065684,10.692587,Unbekannte Straße,Suvereto,unknown,,,,
43.064598,10.693550,Unbekannte Straße,Suvereto,unknown,,,,
43.062608,10.694416,Unbekannte Straße,Suvereto,unknown,,,,
43.061545,10.696102,Unbekannte Straße,Suvereto,unknown,,,,
43.061212,10.696284,Unbekannte Straße,Suvereto,unknown,,,,
43.060686,10.696082,Unbekannte Straße,Suvereto,unknown,,,,
43.060553,10.695857,Unbekannte Straße,Suvereto,unknown,,,,
43.060753,10.692638,Unbekannte Straße,Suvereto,unknown,,,,
43.056692,10.691517,Via dei Forni,Suvereto,unknown,,,,
43.056320,10.693228,Via dei Forni,Suvereto,unknown,,,,
43.051356,10.700871,Via dei Forni,Suvereto,unknown,,,,
43.051086,10.702340,Via dei Forni,Suvereto,unknown,,,,
43.050716,10.702630,Via dei Forni,Suvereto,unknown,,,,
43.050306,10.704073,Via dei Forni,Suvereto,unknown,,,,
43.050345,10.705742,Via dei Forni,Suvereto,unknown,,,,
43.050023,10.707052,Via dei Forni,Suvereto,unknown,,,,
43.050216,10.707440,Via dei Forni,Suvereto,unknown,,,,
43.050653,10.707610,Via dei Forni,Suvereto,unknown,,,,
43.050617,10.707964,Via dei Forni,Suvereto,unknown,,,,
43.047071,10.709393,Via dei Forni,Suvereto,unknown,,,,
43.045956,10.710335,Via dei Forni,Suvereto,unknown,,,,
43.044047,10.709278,Via dei Forni,Suvereto,unknown,,,,
43.040158,10.707600,Strada Provinciale 22b San Lorenzo - Banditelle,Suvereto,unknown,,,,
43.041070,10.703758,Strada Provinciale 22b San Lorenzo - Banditelle,Suvereto,unknown,,,,
43.040873,10.700735,Unbekannte Straße,Suvereto,unknown,,,,
43.042415,10.700464,Unbekannte Straße,Suvereto,unknown,,,,
43.042112,10.698607,Unbekannte Straße,Suvereto,unknown,,,,
43.041007,10.698372,Unbekannte Straße,Suvereto,unknown,,,,
43.041046,10.697766,Unbekannte Straße,Suvereto,unknown,,,,
43.024962,10.682802,Via di Casalappi,Follonica,unknown,,,,
43.023355,10.685858,Via di Casalappi,Follonica,unknown,,,,
43.022730,10.685327,Via di Casalappi,Follonica,unknown,,,,
43.023161,10.683315,Via di Casalappi,Follonica,unknown,,,,
43.024747,10.680112,Via di Casalappi,Follonica,unknown,,,,
43.024000,10.675798,Via di Casalappi,Campiglia Marittima,unknown,,,,
43.023754,10.675375,Via di Casalappi,Campiglia Marittima,unknown,,,,
43.019052,10.675005,Via di Casalappi,Campiglia Marittima,unknown,,,,
43.019214,10.675847,Via di Casalappi,Campiglia Marittima,unknown,,,,
43.019118,10.675959,Via di Casalappi,Campiglia Marittima,unknown,,,,
42.995913,10.664411,Strada Provinciale 21 Cafaggio - Riotorto,Piombino,unknown,,,,
42.995438,10.664739,Strada Provinciale 21 Cafaggio - Riotorto,Piombino,unknown,,,,
42.995004,10.665404,Strada Provinciale 21 Cafaggio - Riotorto,Piombino,unknown,,,,
42.992794,10.671755,Strada Provinciale 21 Cafaggio - Riotorto,Piombino,unknown,,,,
42.992579,10.671863,Strada Provinciale 21 Cafaggio - Riotorto,Piombino,unknown,,,,
42.991733,10.671736,Strada Provinciale 21 Cafaggio - Riotorto,Piombino,unknown,,,,
42.991485,10.671915,Strada Provinciale 21 Cafaggio - Riotorto,Piombino,unknown,,,,
42.989693,10.678070,Strada Provinciale 21 Cafaggio - Riotorto,Piombino,unknown,,,,
42.989335,10.678843,Strada Provinciale 21 Cafaggio - Riotorto,Piombino,unknown,,,,
42.989066,10.679028,Strada Provinciale 21 Cafaggio - Riotorto,Piombino,unknown,,,,
42.982580,10.680608,Via della Bonifica,Piombino,unknown,,,,
42.979766,10.683702,Via della Bonifica,Piombino,unknown,,,,
42.979859,10.683833,Via della Bonifica,Piombino,unknown,,,,
42.979641,10.684118,Via della Bonifica,Piombino,unknown,,,,
42.978958,10.684517,Via Valnera,Piombino,unknown,,,,
42.978295,10.686476,Via Valnera,Piombino,unknown,,,,
42.977286,10.686164,Via Valnera,Piombino,unknown,,,,
42.976673,10.686278,Via Valnera,Piombino,unknown,,,,
42.974749,10.687384,Via Rosanna Benzi,Piombino,unknown,,,,
42.974121,10.688351,Via Rosanna Benzi,Piombino,unknown,,,,
42.971538,10.688213,Via Rosanna Benzi,Piombino,unknown,,,,
42.970529,10.687887,Via Rosanna Benzi,Piombino,unknown,,,,
42.969852,10.687485,Unbekannte Straße,Piombino,unknown,,,,
42.967849,10.685310,Unbekannte Straße,Piombino,unknown,,,,
42.967338,10.683721,Unbekannte Straße,Piombino,unknown,,,,
42.967218,10.668776,Unbekannte Straße,Piombino,unknown,,,,
42.967930,10.667593,Unbekannte Straße,Piombino,unknown,,,,
42.967529,10.667071,Unbekannte Straße,Piombino,unknown,,,,
42.967217,10.667491,Unbekannte Straße,Piombino,unknown,,,,
42.958661,10.666947,Strada Comunale 8 del Mortelliccio,Piombino,unknown,,,,
42.956824,10.680854,Strada Comunale 9 di Carbonifera,Piombino,unknown,,,,
42.955189,10.681547,Strada Comunale 9 di Carbonifera,Piombino,unknown,,,,
42.954965,10.682002,Strada Comunale 9 di Carbonifera,Piombino,unknown,,,,
42.951812,10.683197,Strada Comunale 10 di Torre Mozza,Piombino,unknown,,,,
42.950020,10.684232,Strada Comunale 10 di Torre Mozza,Piombino,unknown,,,,
42.947522,10.689821,Strada Comunale 10 di Torre Mozza,Piombino,unknown,,,,
42.946950,10.691890,Strada Comunale 10 di Torre Mozza,Piombino,unknown,,,,
42.946543,10.696143,Unbekannte Straße,Piombino,unknown,,,,
42.944675,10.701360,Unbekannte Straße,Piombino,unknown,,,,
42.943007,10.704931,Unbekannte Straße,Piombino,unknown,,,,
42.942014,10.710885,Unbekannte Straße,Piombino,unknown,,,,
42.941649,10.712185,Viale Italia,Follonica,unknown,,,,
42.939068,10.716283,Viale Italia,Follonica,unknown,,,,
42.937506,10.720087,Viale Italia,Follonica,unknown,,,,
42.935437,10.724113,Viale Italia,Follonica,unknown,,,,
42.934043,10.725807,Viale Italia,Follonica,unknown,,,,
42.933467,10.726798,Viale Italia,Follonica,unknown,,,,
42.929618,10.738244,Viale Italia,Follonica,unknown,,,,
42.926963,10.745073,Viale Italia,Follonica,unknown,,,,
42.922395,10.753713,Piazzetta Tre Palme,Follonica,unknown,,,,
42.919105,10.759192,Viale Giosuè Carducci,Follonica,unknown,,,,
42.919109,10.759828,Viale Giosuè Carducci,Follonica,unknown,,,,
42.918905,10.760142,Viale Giosuè Carducci,Follonica,unknown,,,,
42.919164,10.761146,Viale Giosuè Carducci,Follonica,unknown,,,,
42.918621,10.761721,Viale Giosuè Carducci,Follonica,unknown,,,,
42.915168,10.768377,Via delle Collacchie,Follonica,unknown,,,,
42.913930,10.769997,Via delle Collacchie,Follonica,unknown,,,,
42.910997,10.773275,Via delle Collacchie,Scarlino,unknown,,,,
42.911050,10.773382,Via delle Collacchie,Scarlino,unknown,,,,
42.905020,10.780090,Via delle Collacchie,Scarlino,unknown,,,,
42.903165,10.781661,Via delle Collacchie,Scarlino,unknown,,,,
42.898538,10.784612,Via delle Collacchie,Puntone di Scarlino,unknown,,,,
42.898530,10.784993,Via delle Collacchie,Puntone di Scarlino,unknown,,,,
42.897358,10.785819,Via delle Collacchie,Puntone di Scarlino,unknown,,,,
42.897025,10.785591,Via delle Collacchie,Puntone di Scarlino,unknown,,,,
42.895752,10.786373,Via delle Collacchie,Puntone di Scarlino,unknown,,,,
42.893975,10.786663,Via delle Collacchie,Puntone di Scarlino,unknown,,,,
42.892335,10.787327,Via delle Collacchie,Puntone di Scarlino,unknown,,,,
42.891467,10.788447,Via delle Collacchie,Puntone di Scarlino,unknown,,,,
42.890640,10.790015,Via delle Collacchie,Puntone di Scarlino,unknown,,,,
42.890555,10.789951,Via delle Collacchie,Puntone di Scarlino,unknown,,,,
42.889299,10.791689,Via delle Collacchie,Puntone di Scarlino,unknown,,,,
42.888972,10.791333,Via delle Collacchie,Puntone di Scarlino,unknown,,,,
42.888079,10.788022,Via delle Collacchie,Puntone di Scarlino,unknown,,,,
42.883406,10.783758,Lungomare Giuseppe Garibaldi,Puntone di Scarlino,unknown,,,,
42.883146,10.783291,Lungomare Giuseppe Garibaldi,Puntone di Scarlino,unknown,,,,
42.882891,10.781489,Lungomare Giuseppe Garibaldi,Puntone di Scarlino,unknown,,,,
42.882246,10.780859,Lungomare Giuseppe Garibaldi,Puntone di Scarlino,unknown,,,,
42.881414,10.780584,Lungomare Giuseppe Garibaldi,Puntone di Scarlino,unknown,,,,
42.880548,10.779846,Lungomare Giuseppe Garibaldi,Puntone di Scarlino,unknown,,,,
42.879993,10.779223,Unbekannte Straße,Puntone di Scarlino,unknown,,,,
42.879353,10.778053,Unbekannte Straße,Puntone di Scarlino,unknown,,,,
42.878393,10.778295,Unbekannte Straße,Puntone di Scarlino,unknown,,,,
42.877886,10.778230,Unbekannte Straße,Puntone di Scarlino,unknown,,,,
42.877475,10.777704,Unbekannte Straße,Puntone di Scarlino,unknown,,,,
42.877001,10.777436,Unbekannte Straße,Puntone di Scarlino,unknown,,,,
42.875748,10.777497,Unbekannte Straße,Puntone di Scarlino,unknown,,,,
42.874999,10.777873,Antica strada vicinale della Dogana detta dei Cavalleggeri,Scarlino,unknown,,,,
42.874428,10.777902,Antica strada vicinale della Dogana detta dei Cavalleggeri,Scarlino,unknown,,,,
42.874989,10.776738,Antica strada vicinale della Dogana detta dei Cavalleggeri,Scarlino,unknown,,,,
42.875180,10.775234,Antica strada vicinale della Dogana detta dei Cavalleggeri,Scarlino,unknown,,,,
42.874238,10.774738,Antica strada vicinale della Dogana detta dei Cavalleggeri,Scarlino,unknown,,,,
42.873330,10.775010,Antica strada vicinale della Dogana detta dei Cavalleggeri,Scarlino,unknown,,,,
42.873043,10.774959,Antica strada vicinale della Dogana detta dei Cavalleggeri,Scarlino,unknown,,,,
42.872672,10.774425,Antica strada vicinale della Dogana detta dei Cavalleggeri,Scarlino,unknown,,,,
42.872345,10.774303,Antica strada vicinale della Dogana detta dei Cavalleggeri,Scarlino,unknown,,,,
42.871320,10.774935,Antica strada vicinale della Dogana detta dei Cavalleggeri,Scarlino,unknown,,,,
42.871270,10.774631,Antica strada vicinale della Dogana detta dei Cavalleggeri,Scarlino,unknown,,,,
42.871788,10.773007,Antica strada vicinale della Dogana detta dei Cavalleggeri,Scarlino,unknown,,,,
42.871751,10.772524,Antica strada vicinale della Dogana detta dei Cavalleggeri,Scarlino,unknown,,,,
42.870450,10.771037,Antica strada vicinale della Dogana detta dei Cavalleggeri,Scarlino,unknown,,,,
42.869850,10.770740,Antica strada vicinale della Dogana detta dei Cavalleggeri,Scarlino,unknown,,,,
42.869077,10.769929,Antica strada vicinale della Dogana detta dei Cavalleggeri,Scarlino,unknown,,,,
42.868507,10.769667,Antica strada vicinale della Dogana detta dei Cavalleggeri,Scarlino,unknown,,,,
42.868218,10.771196,Antica strada vicinale della Dogana detta dei Cavalleggeri,Scarlino,unknown,,,,
42.867648,10.772221,Antica strada vicinale della Dogana detta dei Cavalleggeri,Scarlino,unknown,,,,
42.867236,10.772238,Antica strada vicinale della Dogana detta dei Cavalleggeri,Scarlino,unknown,,,,
42.866554,10.771987,Antica strada vicinale della Dogana detta dei Cavalleggeri,Scarlino,unknown,,,,
42.865983,10.772426,Antica strada vicinale della Dogana detta dei Cavalleggeri,Scarlino,unknown,,,,
42.865384,10.772523,Antica strada vicinale della Dogana detta dei Cavalleggeri,Scarlino,unknown,,,,
42.864400,10.771600,Antica strada vicinale della Dogana detta dei Cavalleggeri,Scarlino,unknown,,,,
42.862820,10.771000,Antica strada vicinale della Dogana detta dei Cavalleggeri,Scarlino,unknown,,,,
42.862280,10.770290,Antica strada vicinale della Dogana detta dei Cavalleggeri,Scarlino,unknown,,,,
42.860800,10.769090,Antica strada vicinale della Dogana detta dei Cavalleggeri,Scarlino,unknown,,,,
42.860123,10.768862,Antica strada vicinale della Dogana detta dei Cavalleggeri,Scarlino,unknown,,,,
42.859829,10.769140,Antica strada vicinale della Dogana detta dei Cavalleggeri,Scarlino,unknown,,,,
42.859430,10.770530,Antica strada vicinale della Dogana detta dei Cavalleggeri,Scarlino,unknown,,,,
42.859490,10.771710,Antica strada vicinale della Dogana detta dei Cavalleggeri,Scarlino,unknown,,,,
42.859862,10.772566,Antica strada vicinale della Dogana detta dei Cavalleggeri,Scarlino,unknown,,,,
42.859845,10.772880,Antica strada vicinale della Dogana detta dei Cavalleggeri,Scarlino,unknown,,,,
42.858030,10.774300,Antica strada vicinale della Dogana detta dei Cavalleggeri,Scarlino,unknown,,,,
42.857510,10.774906,Antica strada vicinale della Dogana detta dei Cavalleggeri,Scarlino,unknown,,,,
42.857170,10.774820,Antica strada vicinale della Dogana detta dei Cavalleggeri,Scarlino,unknown,,,,
42.856140,10.774970,Antica strada vicinale della Dogana detta dei Cavalleggeri,Scarlino,unknown,,,,
42.855390,10.775380,Antica strada vicinale della Dogana detta dei Cavalleggeri,Scarlino,unknown,,,,
42.854446,10.774867,Antica strada vicinale della Dogana detta dei Cavalleggeri,Scarlino,unknown,,,,
42.853570,10.774880,Antica strada vicinale della Dogana detta dei Cavalleggeri,Scarlino,unknown,,,,
42.851906,10.773210,Antica strada vicinale della Dogana detta dei Cavalleggeri,Scarlino,unknown,,,,
42.850460,10.774460,Antica strada vicinale della Dogana detta dei Cavalleggeri,Scarlino,unknown,,,,
42.849984,10.775509,Antica strada vicinale della Dogana detta dei Cavalleggeri,Scarlino,unknown,,,,
42.850452,10.776746,Antica strada vicinale della Dogana detta dei Cavalleggeri,Scarlino,unknown,,,,
42.850203,10.777249,Antica strada vicinale della Dogana detta dei Cavalleggeri,Scarlino,unknown,,,,
42.850346,10.778172,Antica strada vicinale della Dogana detta dei Cavalleggeri,Scarlino,unknown,,,,
42.850120,10.778839,antica strada dogana dei cavalleggeri,Scarlino,unknown,,,,
42.849953,10.780376,antica strada dogana dei cavalleggeri,Scarlino,unknown,,,,
42.849187,10.780774,antica strada dogana dei cavalleggeri,Scarlino,unknown,,,,
42.847994,10.780425,antica strada dogana dei cavalleggeri,Scarlino,unknown,,,,
42.847878,10.780525,antica strada dogana dei cavalleggeri,Scarlino,unknown,,,,
42.849028,10.782911,antica strada dogana dei cavalleggeri,Scarlino,unknown,,,,
42.848615,10.783166,antica strada dogana dei cavalleggeri,Scarlino,unknown,,,,
42.847834,10.784377,Strada Consorziale Val Molina - Torre Civette,Scarlino,unknown,,,,
42.846009,10.784156,Strada Consorziale Val Molina - Torre Civette,Scarlino,unknown,,,,
42.845576,10.783807,Strada Consorziale Val Molina - Torre Civette,Scarlino,unknown,,,,
42.846412,10.789156,Strada Consorziale Val Molina - Torre Civette,Scarlino,unknown,,,,
42.847557,10.792037,Strada Consorziale Val Molina - Torre Civette,Scarlino,unknown,,,,
42.847732,10.794967,Strada Consorziale Val Molina - Torre Civette,Scarlino,unknown,,,,
42.847627,10.795737,Strada Consorziale Val Molina - Torre Civette,Scarlino,unknown,,,,
42.848029,10.797594,Strada Consorziale Val Molina - Torre Civette,Scarlino,unknown,,,,
42.848317,10.798089,Strada Consorziale Val Molina - Torre Civette,Scarlino,unknown,,,,
42.851554,10.801161,Strada Consorziale Val Molina - Torre Civette,Scarlino,unknown,,,,
42.851634,10.801393,Strada Consorziale Val Molina - Torre Civette,Scarlino,unknown,,,,
42.851214,10.808808,Strada Consorziale Val Molina - Torre Civette,Scarlino,unknown,,,,
42.850624,10.810109,Strada Consorziale Val Molina - Torre Civette,Scarlino,unknown,,,,
42.850683,10.810239,Strada Consorziale Val Molina - Torre Civette,Scarlino,unknown,,,,
42.844791,10.814797,Via delle Collacchie,Castiglione della Pescaia,unknown,,,,
42.843519,10.815600,Via delle Collacchie,Castiglione della Pescaia,unknown,,,,
42.840051,10.816900,Via delle Collacchie,Castiglione della Pescaia,unknown,,,,
42.835922,10.817799,Via delle Collacchie,Castiglione della Pescaia,unknown,,,,
42.834190,10.818594,SS322,Castiglione della Pescaia,unknown,,,,
42.831657,10.820045,SS322,Castiglione della Pescaia,unknown,,,,
42.829540,10.820783,SS322,Castiglione della Pescaia,unknown,,,,
42.828798,10.821387,SS322,Castiglione della Pescaia,unknown,,,,
42.827957,10.821563,SS322,Castiglione della Pescaia,unknown,,,,
42.827064,10.822492,SS322,Castiglione della Pescaia,unknown,,,,
42.826789,10.822460,SS322,Castiglione della Pescaia,unknown,,,,
42.826374,10.822054,SS322,Castiglione della Pescaia,unknown,,,,
42.826118,10.822862,SS322,Castiglione della Pescaia,unknown,,,,
42.825447,10.822848,SS322,Castiglione della Pescaia,unknown,,,,
42.825099,10.823113,SS322,Castiglione della Pescaia,unknown,,,,
42.824487,10.823234,SS322,Castiglione della Pescaia,unknown,,,,
42.823628,10.823959,SS322,Castiglione della Pescaia,unknown,,,,
42.823273,10.823962,SS322,Castiglione della Pescaia,unknown,,,,
42.822896,10.824182,SS322,Castiglione della Pescaia,unknown,,,,
42.822037,10.823928,SS322,Castiglione della Pescaia,unknown,,,,
42.821480,10.822759,SS322,Castiglione della Pescaia,unknown,,,,
42.821324,10.821520,SS322,Castiglione della Pescaia,unknown,,,,
42.820962,10.821474,SS322,Castiglione della Pescaia,unknown,,,,
42.820281,10.822104,SS322,Castiglione della Pescaia,unknown,,,,
42.819679,10.822446,SS322,Castiglione della Pescaia,unknown,,,,
42.819079,10.822496,SS322,Castiglione della Pescaia,unknown,,,,
42.817976,10.823184,SS322,Castiglione della Pescaia,unknown,,,,
42.817573,10.823704,SS322,Castiglione della Pescaia,unknown,,,,
42.817259,10.824746,SS322,Castiglione della Pescaia,unknown,,,,
42.817347,10.825190,SS322,Castiglione della Pescaia,unknown,,,,
42.817799,10.825865,SS322,Castiglione della Pescaia,unknown,,,,
42.817719,10.826247,SS322,Castiglione della Pescaia,unknown,,,,
42.817535,10.826293,SS322,Castiglione della Pescaia,unknown,,,,
42.816420,10.825627,SS322,Castiglione della Pescaia,unknown,,,,
42.815840,10.825498,SS322,Castiglione della Pescaia,unknown,,,,
42.815458,10.825734,SS322,Castiglione della Pescaia,unknown,,,,
42.815485,10.826385,SS322,Castiglione della Pescaia,unknown,,,,
42.815342,10.826499,SS322,Castiglione della Pescaia,unknown,,,,
42.814725,10.826190,SS322,Castiglione della Pescaia,unknown,,,,
42.814027,10.826243,SS322,Castiglione della Pescaia,unknown,,,,
42.812623,10.826953,SS322,Castiglione della Pescaia,unknown,,,,
42.811303,10.827088,SS322,Castiglione della Pescaia,unknown,,,,
42.811232,10.827447,SS322,Castiglione della Pescaia,unknown,,,,
42.810741,10.827966,SS322,Castiglione della Pescaia,unknown,,,,
42.810635,10.828713,SS322,Castiglione della Pescaia,unknown,,,,
42.810070,10.829571,SS322,Castiglione della Pescaia,unknown,,,,
42.809425,10.828973,SS322,Castiglione della Pescaia,unknown,,,,
42.808636,10.829298,SS322,Castiglione della Pescaia,unknown,,,,
42.807991,10.829070,SS322,Castiglione della Pescaia,unknown,,,,
42.807003,10.829054,SS322,Castiglione della Pescaia,unknown,,,,
42.806975,10.828045,SS322,Castiglione della Pescaia,unknown,,,,
42.804974,10.828465,SS322,Castiglione della Pescaia,unknown,,,,
42.804717,10.828429,SS322,Castiglione della Pescaia,unknown,,,,
42.804620,10.828101,SS322,Castiglione della Pescaia,unknown,,,,
42.798991,10.829198,Via delle Collacchie,Castiglione della Pescaia,unknown,,,,
42.799150,10.831015,Via delle Collacchie,Castiglione della Pescaia,unknown,,,,
42.795926,10.828073,Via delle Collacchie,Castiglione della Pescaia,unknown,,,,
42.795369,10.827124,Via delle Collacchie,Castiglione della Pescaia,unknown,,,,
42.795322,10.826568,Via delle Collacchie,Castiglione della Pescaia,unknown,,,,
42.793974,10.825931,Via delle Collacchie,Castiglione della Pescaia,unknown,,,,
42.791012,10.824937,Via delle Collacchie,Castiglione della Pescaia,unknown,,,,
42.790535,10.824587,Via delle Collacchie,Castiglione della Pescaia,unknown,,,,
42.790107,10.823873,Via delle Collacchie,Castiglione della Pescaia,unknown,,,,
42.788615,10.825244,Strada Comunale di Pian di Rocca,Castiglione della Pescaia,unknown,,,,
42.787709,10.826723,Strada Comunale di Pian di Rocca,Castiglione della Pescaia,unknown,,,,
42.786901,10.829866,Strada Comunale di Pian di Rocca,Castiglione della Pescaia,unknown,,,,
42.783620,10.830564,Via delle Collacchie,Castiglione della Pescaia,unknown,,,,
42.782572,10.831119,Via delle Collacchie,Castiglione della Pescaia,unknown,,,,
42.781928,10.831731,Via delle Collacchie,Castiglione della Pescaia,unknown,,,,
42.780550,10.833584,Via delle Collacchie,Castiglione della Pescaia,unknown,,,,
42.777277,10.836441,Via delle Collacchie,Castiglione della Pescaia,unknown,,,,
42.776375,10.837934,Via delle Collacchie,Castiglione della Pescaia,unknown,,,,
42.770910,10.851590,Via John Fitzgerald Kennedy,Castiglione della Pescaia,unknown,,,,
42.770617,10.852095,Via John Fitzgerald Kennedy,Castiglione della Pescaia,unknown,,,,
42.770171,10.852441,Via John Fitzgerald Kennedy,Castiglione della Pescaia,unknown,,,,
42.769885,10.853129,Via John Fitzgerald Kennedy,Castiglione della Pescaia,unknown,,,,
42.769913,10.853933,Via John Fitzgerald Kennedy,Castiglione della Pescaia,unknown,,,,
42.768113,10.858500,Via John Fitzgerald Kennedy,Castiglione della Pescaia,unknown,,,,
42.767401,10.860715,Via John Fitzgerald Kennedy,Castiglione della Pescaia,unknown,,,,
42.765465,10.868386,Via Massimo D'Azeglio,Castiglione della Pescaia,unknown,,,,
42.764769,10.867997,Via Massimo D'Azeglio,Castiglione della Pescaia,unknown,,,,
42.763168,10.874926,Via Roma,Castiglione della Pescaia,unknown,,,,
42.762057,10.878339,Via Roma,Castiglione della Pescaia,unknown,,,,
42.762307,10.878523,Via Roma,Castiglione della Pescaia,unknown,,,,
42.762029,10.879186,Via Roma,Castiglione della Pescaia,unknown,,,,
42.762025,10.879612,Via Roma,Castiglione della Pescaia,unknown,,,,
42.762647,10.881880,Via Cristoforo Colombo,Castiglione della Pescaia,unknown,,,,
42.763820,10.884208,Via Cristoforo Colombo,Castiglione della Pescaia,unknown,,,,
42.763450,10.884600,Via Cristoforo Colombo,Castiglione della Pescaia,unknown,,,,
42.763910,10.885850,Via Cristoforo Colombo,Castiglione della Pescaia,unknown,,,,
42.768910,10.895340,Via Casa Rossa Ximenes,Castiglione della Pescaia,unknown,,,,
42.771460,10.894390,Via Casa Rossa Ximenes,Castiglione della Pescaia,unknown,,,,
42.772560,10.894750,Via Casa Rossa Ximenes,Castiglione della Pescaia,unknown,,,,
42.774140,10.894440,Strada Provinciale 3 del Padule,Castiglione della Pescaia,unknown,,,,
42.774500,10.894090,Strada Provinciale 3 del Padule,Castiglione della Pescaia,unknown,,,,
42.773900,10.892310,Strada Provinciale 3 del Padule,Castiglione della Pescaia,unknown,,,,
42.775340,10.891460,Strada Provinciale 3 del Padule,Castiglione della Pescaia,unknown,,,,
42.775260,10.890790,Strada Provinciale 3 del Padule,Castiglione della Pescaia,unknown,,,,
42.776100,10.891700,Strada Provinciale 3 del Padule,Castiglione della Pescaia,unknown,,,,
42.776300,10.892180,Strada Provinciale 3 del Padule,Castiglione della Pescaia,unknown,,,,
42.776510,10.892180,Strada Provinciale 3 del Padule,Castiglione della Pescaia,unknown,,,,
42.777570,10.893340,Strada Provinciale 3 del Padule,Castiglione della Pescaia,unknown,,,,
42.777800,10.894020,Strada Provinciale 3 del Padule,Castiglione della Pescaia,unknown,,,,
42.777900,10.895220,Strada Provinciale 3 del Padule,Castiglione della Pescaia,unknown,,,,
42.778460,10.896900,Strada Comunale delle Strette,Castiglione della Pescaia,unknown,,,,
42.781320,10.895020,Strada Comunale delle Strette,Castiglione della Pescaia,unknown,,,,
42.782940,10.893570,Strada Vicinale della Baldana,Castiglione della Pescaia,unknown,,,,
42.785230,10.893750,Strada Vicinale della Baldana,Castiglione della Pescaia,unknown,,,,
42.787570,10.894410,Strada Vicinale della Baldana,Castiglione della Pescaia,unknown,,,,
42.788310,10.893150,Strada Vicinale della Baldana,Castiglione della Pescaia,unknown,,,,
42.789730,10.894550,Strada Vicinale della Baldana,Castiglione della Pescaia,unknown,,,,
42.790300,10.894800,Strada Vicinale della Baldana,Castiglione della Pescaia,unknown,,,,
42.790990,10.895390,Strada Vicinale della Baldana,Castiglione della Pescaia,unknown,,,,
42.791070,10.895310,Strada Vicinale della Baldana,Castiglione della Pescaia,unknown,,,,
42.793560,10.898910,Via del Poggetto,Castiglione della Pescaia,unknown,,,,
42.796310,10.899850,Via del Poggetto,Castiglione della Pescaia,unknown,,,,
42.798190,10.902350,Unbekannte Straße,Castiglione della Pescaia,unknown,,,,
42.798860,10.903590,Unbekannte Straße,Castiglione della Pescaia,unknown,,,,
42.798860,10.904430,Unbekannte Straße,Castiglione della Pescaia,unknown,,,,
42.799160,10.905690,Unbekannte Straße,Castiglione della Pescaia,unknown,,,,
42.798810,10.906640,Unbekannte Straße,Castiglione della Pescaia,unknown,,,,
42.797930,10.911900,Strada Comunale delle Strette,Castiglione della Pescaia,unknown,,,,
42.793950,10.916370,Strada Comunale delle Strette,Castiglione della Pescaia,unknown,,,,
42.796545,10.919531,Strada Comunale delle Strette,Castiglione della Pescaia,unknown,,,,
42.798756,10.920947,Strada Comunale delle Strette,Castiglione della Pescaia,unknown,,,,
42.800429,10.922902,Strada Comunale delle Strette,Castiglione della Pescaia,unknown,,,,
42.801076,10.923920,Strada Comunale delle Strette,Castiglione della Pescaia,unknown,,,,
42.797532,10.926835,Unbekannte Straße,Castiglione della Pescaia,unknown,,,,
42.796782,10.927181,Unbekannte Straße,Castiglione della Pescaia,unknown,,,,
42.797366,10.935697,Unbekannte Straße,Castiglione della Pescaia,unknown,,,,
42.797262,10.936174,Unbekannte Straße,Castiglione della Pescaia,unknown,,,,
42.797018,10.936401,Unbekannte Straße,Castiglione della Pescaia,unknown,,,,
42.798108,10.937843,Unbekannte Straße,Castiglione della Pescaia,unknown,,,,
42.798868,10.938537,Unbekannte Straße,Castiglione della Pescaia,unknown,,,,
42.799447,10.939424,Unbekannte Straße,Castiglione della Pescaia,unknown,,,,
42.797934,10.941503,Unbekannte Straße,Castiglione della Pescaia,unknown,,,,
42.799009,10.942209,Strada Provinciale 23 delle Strette,Castiglione della Pescaia,unknown,,,,
42.799644,10.943830,Strada Provinciale 23 delle Strette,Castiglione della Pescaia,unknown,,,,
42.799064,10.951277,Strada Provinciale 23 delle Strette,Castiglione della Pescaia,unknown,,,,
42.798899,10.951258,Strada Provinciale 23 delle Strette,Castiglione della Pescaia,unknown,,,,
42.798801,10.951930,Strada Provinciale 23 delle Strette,Castiglione della Pescaia,unknown,,,,
42.798625,10.954301,Strada Provinciale 23 delle Strette,Castiglione della Pescaia,unknown,,,,
42.798776,10.954800,Strada Provinciale 23 delle Strette,Castiglione della Pescaia,unknown,,,,
42.798195,10.961681,Strada vicinale di Cacciagrande,Castiglione della Pescaia,unknown,,,,
42.807936,10.964676,Strada vicinale di Cacciagrande,Castiglione della Pescaia,unknown,,,,
42.809433,10.964325,Strada vicinale di Cacciagrande,Castiglione della Pescaia,unknown,,,,
42.810722,10.964774,Strada vicinale di Cacciagrande,Castiglione della Pescaia,unknown,,,,
42.817324,10.965007,Strada vicinale di Cacciagrande,Castiglione della Pescaia,unknown,,,,
42.818055,10.964497,Strada vicinale di Cacciagrande,Castiglione della Pescaia,unknown,,,,
42.821271,10.960229,Strada vicinale di Cacciagrande,Castiglione della Pescaia,unknown,,,,
42.821901,10.959016,Strada vicinale di Cacciagrande,Castiglione della Pescaia,unknown,,,,
42.822374,10.957563,Strada vicinale di Cacciagrande,Castiglione della Pescaia,unknown,,,,
42.824372,10.954163,Strada vicinale di Cacciagrande,Castiglione della Pescaia,unknown,,,,
42.826223,10.951740,Strada vicinale di Cacciagrande,Castiglione della Pescaia,unknown,,,,
42.826195,10.951389,Strada vicinale di Cacciagrande,Castiglione della Pescaia,unknown,,,,
42.825061,10.950099,Strada vicinale di Cacciagrande,Castiglione della Pescaia,unknown,,,,
42.824482,10.946953,Strada Provinciale 23 delle Strette,Castiglione della Pescaia,unknown,,,,
42.825268,10.946311,Strada Provinciale 23 delle Strette,Castiglione della Pescaia,unknown,,,,
42.833741,10.945470,Strada Provinciale 23 delle Strette,Castiglione della Pescaia,unknown,,,,
42.834181,10.945732,Strada Provinciale 23 delle Strette,Castiglione della Pescaia,unknown,,,,
42.835981,10.947521,Strada Provinciale 23 delle Strette,Castiglione della Pescaia,unknown,,,,
42.837736,10.948359,Strada Provinciale 23 delle Strette,Castiglione della Pescaia,unknown,,,,
42.839172,10.948670,Strada Provinciale 23 delle Strette,Castiglione della Pescaia,unknown,,,,
42.841401,10.948423,Strada Provinciale 23 delle Strette,Castiglione della Pescaia,unknown,,,,
42.844668,10.946637,Strada Provinciale 23 delle Strette,Castiglione della Pescaia,unknown,,,,
42.845034,10.946658,Strada Provinciale 23 delle Strette,Castiglione della Pescaia,unknown,,,,
42.848127,10.948246,Strada Provinciale 23 delle Strette,Castiglione della Pescaia,unknown,,,,
42.848002,10.948633,Strada Provinciale 23 delle Strette,Castiglione della Pescaia,unknown,,,,
42.848201,10.948876,Strada Provinciale 23 delle Strette,Castiglione della Pescaia,unknown,,,,
42.849520,10.948876,Strada Provinciale 23 delle Strette,Castiglione della Pescaia,unknown,,,,
42.850696,10.949426,Strada Provinciale 23 delle Strette,Castiglione della Pescaia,unknown,,,,
42.851844,10.950743,Strada Provinciale 23 delle Strette,Castiglione della Pescaia,unknown,,,,
42.852092,10.952063,Strada Provinciale 23 delle Strette,Castiglione della Pescaia,unknown,,,,
42.852077,10.956449,Unbekannte Straße,Vetulonia,unknown,,,,
42.851889,10.957258,Unbekannte Straße,Vetulonia,unknown,,,,
42.852173,10.959408,Unbekannte Straße,Vetulonia,unknown,,,,
42.851975,10.961714,Unbekannte Straße,Vetulonia,unknown,,,,
42.851522,10.963001,Unbekannte Straße,Vetulonia,unknown,,,,
42.850432,10.964761,Unbekannte Straße,Vetulonia,unknown,,,,
42.850119,10.965543,Unbekannte Straße,Vetulonia,unknown,,,,
42.849122,10.966396,Unbekannte Straße,Vetulonia,unknown,,,,
42.848379,10.967622,Unbekannte Straße,Vetulonia,unknown,,,,
42.848324,10.969939,Unbekannte Straße,Vetulonia,unknown,,,,
42.848499,10.970448,Unbekannte Straße,Vetulonia,unknown,,,,
42.848167,10.973888,Unbekannte Straße,Buriano,unknown,,,,
42.848580,10.976287,Unbekannte Straße,Buriano,unknown,,,,
